"conversation_id_str","created_at","favorite_count","full_text","id_str","image_url","in_reply_to_screen_name","lang","location","quote_count","reply_count","retweet_count","tweet_url","user_id_str","username"
"1939350476346290390","Sun Jun 29 23:59:43 +0000 2025","0","@KotaNusantara Modernisasi irigasi di era Presiden Prabowo bikin produktivitas sawah makin maksimal","1939473889295507785","","KotaNusantara","in","","0","0","0","https://x.com/undefined/status/1939473889295507785","1687323231634796544",
"1939348805625020604","Sun Jun 29 23:59:34 +0000 2025","0","@KotaNusantara Penghargaan besar buat Presiden Prabowo yang terus berupaya memajukan sektor perumahan rakyat","1939473852003938386","","KotaNusantara","in","","0","0","0","https://x.com/undefined/status/1939473852003938386","1681978995263541248",
"1939350473422905663","Sun Jun 29 23:59:23 +0000 2025","0","@KotaNusantara Makin banyak lahan produktif makin tinggi hasil tanam semua karena perhatian Presiden Prabowo","1939473804012777913","","KotaNusantara","in","","0","0","0","https://x.com/undefined/status/1939473804012777913","1702532674009853952",
"1939141324596543730","Sun Jun 29 23:59:21 +0000 2025","2","@2BasileaTheoph Kalo misalkan yang ngadain ini keluarga contohnya:- keluarga besar bapak Presiden yang terhormat Pak Prabowo yang dimana keluarga besar beliau Djojohadikusumo penganut Kristiani Apakah akan ada yang berani bubarin kayak gini?? Cmn penasaran aja berani gak mereka ","1939473795330593256","","2BasileaTheoph","in","","0","1","1","https://x.com/undefined/status/1939473795330593256","994471470",
"1939346999469543713","Sun Jun 29 23:59:18 +0000 2025","0","@GenZNusantara Dengan MBG Presiden Prabowo pastiin semua anak punya hak berkembang jadi generasi unggul","1939473785671053510","","GenZNusantara","in","","0","0","0","https://x.com/undefined/status/1939473785671053510","1904034516890767360",
"1938592193922617629","Sun Jun 29 23:58:45 +0000 2025","0","@CraigHalo37231 @cinnamonw234 Kalo misalkan yang ngadain ini keluarga contohnya:- keluarga besar bapak Presiden yang terhormat Pak Prabowo yang dimana keluarga besar beliau Djojohadikusumo penganut Kristiani Apakah akan ada yang berani bubarin kayak gini?? Cmn penasaran aja berani gak mereka ","1939473644406948037","","CraigHalo37231","in","","0","0","0","https://x.com/undefined/status/1939473644406948037","994471470",
"1939350476346290390","Sun Jun 29 23:58:44 +0000 2025","0","@KotaNusantara Dukungan terus mengalir buat Presiden Prabowo yang fo","1939473640451658158","","KotaNusantara","in","","0","0","0","https://x.com/undefined/status/1939473640451658158","1701105340908285952",
"1939350473422905663","Sun Jun 29 23:58:32 +0000 2025","0","@KotaNusantara Presiden Prabowo tunjukin kepeduliannya ke petani lewat perhatian penuh pada modernisasi irigasi","1939473592250737095","","KotaNusantara","in","","0","0","0","https://x.com/undefined/status/1939473592250737095","1700703568884592640",
"1938592193922617629","Sun Jun 29 23:58:32 +0000 2025","0","@cinnamonw234 Kalo misalkan yang ngadain ini keluarga contohnya:- keluarga besar bapak Presiden yang terhormat Pak Prabowo yang dimana keluarga besar beliau Djojohadikusumo penganut Kristiani Apakah akan ada yang berani bubarin kayak gini?? Cmn penasaran aja berani gak mereka ","1939473590380007441","","cinnamonw234","in","","0","0","0","https://x.com/undefined/status/1939473590380007441","994471470",
"1939347781434679700","Sun Jun 29 23:58:31 +0000 2025","0","@GenZNusantara Inovasi CKG dari Presiden Prabowo bantu tekan biaya pengobatan penyakit berat ke depannya","1939473585543979490","","GenZNusantara","in","","0","0","0","https://x.com/undefined/status/1939473585543979490","1691315878707773440",
"1939348773005877376","Sun Jun 29 23:58:22 +0000 2025","0","@KotaNusantara Kolaborasi bareng PKP dan Mandiri makin memudahkan mimpi punya rumah berkat visi Presiden Prabowo","1939473547652719021","","KotaNusantara","in","","0","0","0","https://x.com/undefined/status/1939473547652719021","1693878050457628672",
"1939348805625020604","Sun Jun 29 23:58:01 +0000 2025","0","@KotaNusantara Optimisme tinggi bareng program rumah subsidi andalan dari Presiden Prabowo dan tim mantapnya","1939473461036081426","","KotaNusantara","in","","0","0","0","https://x.com/undefined/status/1939473461036081426","1689855766356971521",
"1939282345909174624","Sun Jun 29 23:57:59 +0000 2025","0","@NenkMonica Rugi pembayar pajak pak @prabowo","1939473453629001899","","NenkMonica","in","","0","0","0","https://x.com/undefined/status/1939473453629001899","261160991",
"1939473383617663020","Sun Jun 29 23:57:42 +0000 2025","1","Pendukung pak prabowo pasti bangga https://t.co/bbWWu935Kc","1939473383617663020","https://pbs.twimg.com/tweet_video_thumb/Gupkwc4WkAAZ_nR.jpg","","in","","0","0","0","https://x.com/undefined/status/1939473383617663020","1223179827814887425",
"1939348773005877376","Sun Jun 29 23:57:41 +0000 2025","0","@KotaNusantara Seneng banget liat program rumah subsidi makin banyak thanks to Presiden Prabowo dan seluruh tim PKP","1939473378181816560","","KotaNusantara","in","","0","0","0","https://x.com/undefined/status/1939473378181816560","1694232406826557440",
"1939347781434679700","Sun Jun 29 23:57:31 +0000 2025","0","@GenZNusantara Presiden Prabowo buktiin kepedulian lewat CKG akses layanan kesehatan terbuka lebar di mana aja","1939473336465330642","","GenZNusantara","in","","0","0","0","https://x.com/undefined/status/1939473336465330642","1691342354907799553",
"1939347126913565153","Sun Jun 29 23:57:28 +0000 2025","0","@GenZNusantara MBG bukan sekadar program ini cara Presiden Prabowo ngasih harapan buat Indonesia","1939473323915890831","","GenZNusantara","in","","0","0","0","https://x.com/undefined/status/1939473323915890831","1696442108507545600",
"1939473266659450901","Sun Jun 29 23:57:15 +0000 2025","0","Menunggu penjelasan dari Pemerintah @prabowo &amp; @gibran_tweet @ListyoSigitP atas persekusi acara retret di Sukabumi https://t.co/a7QsAAAHde","1939473266659450901","","","in","","0","0","0","https://x.com/undefined/status/1939473266659450901","1642405981324967936",
"1939471635511468409","Sun Jun 29 23:57:07 +0000 2025","1","@STresnowati1 @prabowo Pagi kak rara. Saya dah denger gosip itu lama. Kl ga salah pak said didu deh yg cerita..","1939473234946330810","","STresnowati1","in","","0","1","0","https://x.com/undefined/status/1939473234946330810","1415241204812316680",
"1939347126913565153","Sun Jun 29 23:57:03 +0000 2025","0","@GenZNusantara Presiden Prabowo komit bawa perubahan bareng rakyat MBG jadikan semua punya kesempatan yang sama","1939473217384821091","","GenZNusantara","in","","0","0","0","https://x.com/undefined/status/1939473217384821091","1694613939303399424",
"1939350473422905663","Sun Jun 29 23:56:34 +0000 2025","0","@KotaNusantara Strategi jangka panjang Presiden Prabowo bawa harapan besar menuju swasembada pangan","1939473094743302177","","KotaNusantara","in","","0","0","0","https://x.com/undefined/status/1939473094743302177","1687392625807269888",
"1939346999469543713","Sun Jun 29 23:56:32 +0000 2025","0","@GenZNusantara Jadi lebih optimis tentang masa depan generasi bangsa gara-gara MBG dari Presiden Prabowo","1939473086186996064","","GenZNusantara","in","","0","0","0","https://x.com/undefined/status/1939473086186996064","1694646982101569536",
"1939350476346290390","Sun Jun 29 23:56:26 +0000 2025","0","@KotaNusantara Presiden Prabowo ngasih solusi nyata buat ketahanan pangan petani makin percaya diri panen besar","1939473064372355552","","KotaNusantara","in","","0","0","0","https://x.com/undefined/status/1939473064372355552","1686986029516083200",
"1939473044042612812","Sun Jun 29 23:56:22 +0000 2025","0","@prabowo pa mau lapor ini saluran air hrs di lakukan pembongkaran karena sudah tertutup hotmix/aspal jalan raya.","1939473044042612812","","prabowo","in","","0","1","0","https://x.com/undefined/status/1939473044042612812","1385995240310394884",
"1939347841195164004","Sun Jun 29 23:55:57 +0000 2025","0","@GenZNusantara Cek kesehatan ringan jadi rutinitas berkat gebrakan dari Presiden Prabowo","1939472940862697787","","GenZNusantara","in","","0","0","0","https://x.com/undefined/status/1939472940862697787","1688452987797299200",
"1939472926937678210","Sun Jun 29 23:55:54 +0000 2025","0","Selama @Kemenag_RI @MUIPusat tetap diam atas tindakan Barbar ini ? Maka bisa di pastikan tindakan Barbar ini adalah Legal sesuai dogma Al-Qur'an &amp; Hadist Agama Islam Tak pantas budaya agama ciptaan Arab ini untuk di terapkan di NKRI cc @prabowo @setkabgoid @KemensetnegRI","1939472926937678210","","","in","","0","0","0","https://x.com/undefined/status/1939472926937678210","1707296384347697152",
"1939348805625020604","Sun Jun 29 23:55:11 +0000 2025","0","@KotaNusantara Gara-gara gerakan Presiden Prabowo punya rumah sekarang bukan cuma impian tapi jadi tujuan nyata","1939472749967348144","","KotaNusantara","in","","0","0","0","https://x.com/undefined/status/1939472749967348144","1718916720973524992",
"1939346999469543713","Sun Jun 29 23:55:02 +0000 2025","0","@GenZNusantara Dengan MBG dari Presiden Prabowo anak negeri dibekali gizi sekaligus harapan masa depan yang cerah","1939472709139964120","","GenZNusantara","in","","0","0","0","https://x.com/undefined/status/1939472709139964120","1694944398998740992",
"1939206148080685431","Sun Jun 29 23:54:32 +0000 2025","1","@el4n9bint4n9 @Tita83079013 @prabowo Haruskah dilakukan secara anarkis? Apa gabisa di omongin secara baik baik kepada pihak pengunjung Vilanya? KUHP mengatur tentang pengerusakan mas! Bingung apakah di kitab anda diajarkan seperti itu? Katanya agamanya Damai? Anarkis itu kah yang dimaksudkan dengan damai? MIKIR!","1939472585684926531","","el4n9bint4n9","in","","0","1","0","https://x.com/undefined/status/1939472585684926531","1478912043298131968",
"1939350473422905663","Sun Jun 29 23:54:31 +0000 2025","0","@KotaNusantara Salut sama konsistensi Presiden Prabowo jaga pemerataan air buat petani seluruh Indonesia","1939472582052577337","","KotaNusantara","in","","0","0","0","https://x.com/undefined/status/1939472582052577337","1701492950734352384",
"1939348773005877376","Sun Jun 29 23:54:14 +0000 2025","0","@KotaNusantara Impian rumah idaman berasa makin real sejak Presiden Prabowo support program subsidi","1939472509944164438","","KotaNusantara","in","","0","0","0","https://x.com/undefined/status/1939472509944164438","1681595123719897089",
"1939206148080685431","Sun Jun 29 23:54:12 +0000 2025","0","@Tita83079013 @prabowo Bang Permadi please .... bantu lapor ke pak @prabowo segera evaluasi juga volume TOA speaker yg ada saat ini sungguh sangat mengganggu lingkungan ketenangan dan kwalitas hidup. ️","1939472502088208400","","Tita83079013","in","","0","1","0","https://x.com/undefined/status/1939472502088208400","1471032162103152644",
"1939347841195164004","Sun Jun 29 23:54:02 +0000 2025","0","@GenZNusantara Program CKG bikin hidup sehat itu pilihannya mudah makasih atas usaha Presiden Prabowo yang maksimal","1939472460400963759","","GenZNusantara","in","","0","0","0","https://x.com/undefined/status/1939472460400963759","1846037641294499844",
"1939320839444557842","Sun Jun 29 23:53:58 +0000 2025","1","@tedy_bambang @prabowo @Gerindra @bang_dasco @DPR_RI Korupsi kasus pertamina apa kabar ini yg keliatan dikejar² malah kasus Hasto yg tidak merugikan negara.. ","1939472441044287655","","tedy_bambang","in","","0","0","0","https://x.com/undefined/status/1939472441044287655","2434644384",
"1939347841195164004","Sun Jun 29 23:53:55 +0000 2025","0","@GenZNusantara Presiden Prabowo buktiin komitmennya buat kesehatan sekarang semua punya kesempatan cek kondisi tubuh","1939472430529163266","","GenZNusantara","in","","0","0","0","https://x.com/undefined/status/1939472430529163266","1542904389547233282",
"1939348773005877376","Sun Jun 29 23:53:50 +0000 2025","0","@KotaNusantara Dukung penuh visi Presiden Prabowo semoga makin banyak anak muda bisa punya hunian impian","1939472408811118960","","KotaNusantara","in","","0","0","0","https://x.com/undefined/status/1939472408811118960","1686271029080207360",
"1939461897235120388","Sun Jun 29 23:53:39 +0000 2025","2","@alisyarief Tanya nie pa @prabowo","1939472362820468903","","alisyarief","in","","0","0","1","https://x.com/undefined/status/1939472362820468903","1814417115132375041",
"1939348773005877376","Sun Jun 29 23:53:30 +0000 2025","0","@KotaNusantara Harapan baru buat punya rumah sendiri terimakasih Presiden Prabowo atas komitmennya","1939472324912455837","","KotaNusantara","in","","0","0","0","https://x.com/undefined/status/1939472324912455837","1813818502840741889",
"1939472318880993766","Sun Jun 29 23:53:29 +0000 2025","0","Kalo ada penjelasan clear dan Pak Tito berbenah mungkin semua akan baik-baik saja? #titokarnavian #ahmadmuzani #gerindra #prabowo #aceh #sumut #bobbynasution #mualem #muzakirmanaf #infografis #politikindonesia #beritapolitik #pinterpolitik https://t.co/d1Cio7f4k9","1939472318880993766","https://pbs.twimg.com/media/GupjuyJbEAAVem1.jpg","","in","","0","0","0","https://x.com/undefined/status/1939472318880993766","798770586784702464",
"1939472283871142284","Sun Jun 29 23:53:20 +0000 2025","0","Logika yg sama bisa kita pakai .. Kalau @prabowo Nipu rakyat &amp; bekerja dg baik artinya mensejahterakan.. Kita setuju. Ini jgn malah melindungi @jokowi Sederhana ini masalah. @Gerindra @SBYudhoyono @Pak_JK @bang_dasco https://t.co/k3P1uXpTnO","1939472283871142284","","","in","","0","0","0","https://x.com/undefined/status/1939472283871142284","4331227513",
"1939472242775363937","Sun Jun 29 23:53:10 +0000 2025","0","Prabowo: Yang Tidak Bisa Kerja Cepat Ditinggalkan di Pinggir Jalan https://t.co/gEN9MY8fLt","1939472242775363937","","","in","","0","0","0","https://x.com/undefined/status/1939472242775363937","1428192472664973312",
"1939472159711375865","Sun Jun 29 23:52:51 +0000 2025","0","Pak @prabowo sudah tahu belum ya ada orang ring 1 Istana seperti ini?..","1939472159711375865","","","in","","0","0","0","https://x.com/undefined/status/1939472159711375865","1403503347827560449",
"1939350476346290390","Sun Jun 29 23:52:39 +0000 2025","0","@KotaNusantara Presiden Prabowo dan timnya konsisten upgrade irigasi bikin lahan tanam bertambah luas","1939472109643943974","","KotaNusantara","in","","0","0","0","https://x.com/undefined/status/1939472109643943974","1696403959265816576",
"1939350476346290390","Sun Jun 29 23:52:33 +0000 2025","0","@KotaNusantara Salut banget buat langkah Presiden Prabowo yang terus dorong swasembada pangan lewat irigasi modern","1939472087447633992","","KotaNusantara","in","","0","0","0","https://x.com/undefined/status/1939472087447633992","1702203115540516864",
"1939350473422905663","Sun Jun 29 23:52:21 +0000 2025","0","@KotaNusantara Presiden Prabowo terus all out biar setiap daerah dapet akses air adil ini baru pemimpin pro petani","1939472036017086658","","KotaNusantara","in","","0","0","0","https://x.com/undefined/status/1939472036017086658","1702542306606559232",
"1939350476346290390","Sun Jun 29 23:52:04 +0000 2025","0","@KotaNusantara Kenaikan hasil panen bisa terjadi karena Presiden Prabowo terus push inovasi irigasi","1939471963879362676","","KotaNusantara","in","","0","0","0","https://x.com/undefined/status/1939471963879362676","1701097509442158592",
"1939350473422905663","Sun Jun 29 23:51:48 +0000 2025","0","@KotaNusantara Dengan Presiden Prabowo irigasi tua makin direhab lahan jadi produktif swasembada pangan pun makin deket","1939471895105351801","","KotaNusantara","in","","0","0","0","https://x.com/undefined/status/1939471895105351801","1904059086792208385",
"1939177282435780965","Sun Jun 29 23:51:44 +0000 2025","1","@txtdrimedia lah pejabat kok goblok2 amat ya sekarang.. ampun dah pak @prabowo tolongg","1939471880945369289","","txtdrimedia","in","","0","0","0","https://x.com/undefined/status/1939471880945369289","56457234",
"1939346999469543713","Sun Jun 29 23:51:27 +0000 2025","0","@GenZNusantara Presiden Prabowo paham masa depan bangsa harus dimulai dari anak-anak yang sehat dan kuat via MBG","1939471806861381700","","GenZNusantara","in","","0","0","0","https://x.com/undefined/status/1939471806861381700","1702207013005254656",
"1939348773005877376","Sun Jun 29 23:51:26 +0000 2025","0","@KotaNusantara Wujud nyata kepedulian Presiden Prabowo terhadap anak muda yang butuh hunian layak","1939471804005036486","","KotaNusantara","in","","0","0","0","https://x.com/undefined/status/1939471804005036486","1685943321737531392",
"1939347841195164004","Sun Jun 29 23:51:23 +0000 2025","0","@GenZNusantara Makin yakin kalau Indonesia sehat itu mungkin apalagi dengan gebrakan CKG dari Presiden Prabowo","1939471793821245800","","GenZNusantara","in","","0","0","0","https://x.com/undefined/status/1939471793821245800","1682300102717902848",
"1939348773005877376","Sun Jun 29 23:51:16 +0000 2025","0","@KotaNusantara Nggak perlu takut soal hunian Presiden Prabowo udah buka banyak peluang lewat kerja sama keren ini","1939471763592905169","","KotaNusantara","in","","0","0","0","https://x.com/undefined/status/1939471763592905169","1693887786712170496",
"1939350476346290390","Sun Jun 29 23:50:58 +0000 2025","0","@KotaNusantara Gagasan Presiden Prabowo buat irigasi jadi senjata utama dorong produktivitas pertanian nasional","1939471686145122482","","KotaNusantara","in","","0","0","0","https://x.com/undefined/status/1939471686145122482","1687300814094970880",
"1939350476346290390","Sun Jun 29 23:50:53 +0000 2025","0","@KotaNusantara Yakin deh langkah Presiden Prabowo soal irigasi bikin Indonesia gak perlu takut kekurangan pangan","1939471666729583035","","KotaNusantara","in","","0","0","0","https://x.com/undefined/status/1939471666729583035","1843842567391326211",
"1939471635511468409","Sun Jun 29 23:50:46 +0000 2025","137","Buat kalian yg masih blm percaya dg tindakan @prabowo sekarang mungkin video ini bisa membantu mwnghilangkan keraguan itu. Sabar dulu saja. Kl gibran sudah di makzulkan . Jokowi tak bisa mengambil keuntungan secara langsung dr prabowo. https://t.co/LBr9vsxGHa","1939471635511468409","https://pbs.twimg.com/ext_tw_video_thumb/1939471590212644864/pu/img/TFa6wR3g62QgWaFK.jpg","","in","","1","15","75","https://x.com/undefined/status/1939471635511468409","2700740070",
"1939348805625020604","Sun Jun 29 23:50:45 +0000 2025","0","@KotaNusantara Presiden Prabowo paham banget kebutuhan millenial dan gen z soal rumah makin optimis masa depan cerah","1939471633057731038","","KotaNusantara","in","","0","0","0","https://x.com/undefined/status/1939471633057731038","1681216688317173760",
"1939347126913565153","Sun Jun 29 23:50:06 +0000 2025","0","@GenZNusantara Lewat Presiden Prabowo MBG bener-bener kasih harapan besar buat Indonesia bebas stunting","1939471469601571182","","GenZNusantara","in","","0","0","0","https://x.com/undefined/status/1939471469601571182","1696067409223016448",
"1939350473422905663","Sun Jun 29 23:50:06 +0000 2025","0","@KotaNusantara Presiden Prabowo selalu konsisten untuk pastikan petani ga kekurangan air panen pun jadi melimpah","1939471468334842086","","KotaNusantara","in","","0","0","0","https://x.com/undefined/status/1939471468334842086","1700032349428494336",
"1939348805625020604","Sun Jun 29 23:50:03 +0000 2025","0","@KotaNusantara Langkah Presiden Prabowo ini bisa jadi titik terang buat urusan perumahan rakyat Indonesia","1939471455357673614","","KotaNusantara","in","","0","0","0","https://x.com/undefined/status/1939471455357673614","1542858422621974529",
"1939348773005877376","Sun Jun 29 23:49:57 +0000 2025","0","@KotaNusantara Gercep banget Presiden Prabowo tanggepin isu perumahan rakyat lewat kerja sama strategis ini","1939471432985329764","","KotaNusantara","in","","0","0","0","https://x.com/undefined/status/1939471432985329764","1717787745203195904",
"1939245842403410372","Sun Jun 29 23:49:55 +0000 2025","0","@jonidicardoben2 @GibraltarNc Sudah ada perjanjian antara Jokowi dan Prabowo klo di Pilpres dibantu Jokowi tapi Gibran harus Cawapres karena dari awal sdh dibantu MK klo Prabowo tdk mau Gibran Wapres nanti keputusan Capres umur 70 thn lewatlah Prabowo makanya Gibran dipertahankan itu menurut saya","1939471424789643481","","jonidicardoben2","in","","0","1","0","https://x.com/undefined/status/1939471424789643481","911309021071544320",
"1939348773005877376","Sun Jun 29 23:49:51 +0000 2025","0","@KotaNusantara Kerja sama ini contoh nyata kepedulian Presiden Prabowo ke akses hunian yang layak","1939471405676200327","","KotaNusantara","in","","0","0","0","https://x.com/undefined/status/1939471405676200327","1685922765168377856",
"1939348773005877376","Sun Jun 29 23:49:31 +0000 2025","0","@KotaNusantara Seneng banget lihat Presiden Prabowo serius buka akses pembiayaan rumah subsidi","1939471322721190359","","KotaNusantara","in","","0","0","0","https://x.com/undefined/status/1939471322721190359","1689902514580471808",
"1939347781434679700","Sun Jun 29 23:48:56 +0000 2025","0","@GenZNusantara Cek kesehatan gratis bukan mimpi lagi karena Presiden Prabowo mewujudkannya","1939471176839102877","","GenZNusantara","in","","0","0","0","https://x.com/undefined/status/1939471176839102877","1688570068870025218",
"1939347841195164004","Sun Jun 29 23:48:46 +0000 2025","0","@GenZNusantara Presiden Prabowo terus dorong pemerataan dengan CKG tiap kampung kini makin peduli kesehatan","1939471133973291111","","GenZNusantara","in","","0","0","0","https://x.com/undefined/status/1939471133973291111","1691315551124201472",
"1939346999469543713","Sun Jun 29 23:48:24 +0000 2025","0","@GenZNusantara Presiden Prabowo percaya generasi sehat adalah kunci makanya MBG digencarkan maksimal","1939471041300185560","","GenZNusantara","in","","0","0","0","https://x.com/undefined/status/1939471041300185560","1694955370048028672",
"1939348805625020604","Sun Jun 29 23:48:18 +0000 2025","0","@KotaNusantara Rumah subsidi bener-bener berasa di jangkauan sejak didukung penuh sama Presiden Prabowo","1939471018080522611","","KotaNusantara","in","","0","0","0","https://x.com/undefined/status/1939471018080522611","1685864783583866880",
"1939347126913565153","Sun Jun 29 23:48:03 +0000 2025","0","@GenZNusantara Presiden Prabowo gerak cepat lewat MBG generasi muda jelas dapat bekal sehat sejak dini","1939470954335555708","","GenZNusantara","in","","0","0","0","https://x.com/undefined/status/1939470954335555708","1694980088163635200",
"1939350476346290390","Sun Jun 29 23:47:54 +0000 2025","0","@KotaNusantara Setiap proyek irigasi Presiden Prabowo bawa dampak positif masyarakat desa makin sejahtera","1939470916876194273","","KotaNusantara","in","","0","0","0","https://x.com/undefined/status/1939470916876194273","1686619865262718976",
"1939347126913565153","Sun Jun 29 23:47:44 +0000 2025","0","@GenZNusantara Walau sederhana efek MBG dari Presiden Prabowo sangat luar biasa buat kualitas hidup anak-anak","1939470873930690823","","GenZNusantara","in","","0","0","0","https://x.com/undefined/status/1939470873930690823","1694981272312176641",
"1939372160847659173","Sun Jun 29 23:47:36 +0000 2025","1","@kafirliberal @prabowo @susipudjiastuti Artinya cuma ada nama doang.","1939470840367616027","","kafirliberal","in","","0","0","0","https://x.com/undefined/status/1939470840367616027","1622591044289454080",
"1939459658005242289","Sun Jun 29 23:47:32 +0000 2025","2","@setojayakarta @DivHumas_Polri @Divpropam @ListyoSigitP @prabowo Mulai banyak ni yg suka ngaku² aparat negara mulai ngaku ring 1 IntelPol IntelKam IntelBin dan lain sebagainya dgn segala atribut mirip asli belum lagi sambil memperlihatkan senjata coba lah tolong bantu di tertib kan bukan saja meresahkan tapi ini sangat memalukan .","1939470823343210838","","setojayakarta","in","","0","1","0","https://x.com/undefined/status/1939470823343210838","1619610144580542467",
"1939346999469543713","Sun Jun 29 23:47:06 +0000 2025","0","@GenZNusantara Presiden Prabowo ajak kita semua jadi bagian solusi bareng MBG generasi sehat prioritas utama","1939470715843215627","","GenZNusantara","in","","0","0","0","https://x.com/undefined/status/1939470715843215627","1696048194642427904",
"1939470709816004927","Sun Jun 29 23:47:05 +0000 2025","0","Yo @prabowo @gibran_tweet @jokowi @Puspen_TNI saya paham kalian didikan orba yg menganggap hijaber sebagai orang tolol tanpa hak tanpa otak. Tapi KALO PAKE CELANA PANJANG APA SALAHNYA? Pake rok pendek trus kaos kaki. Semua hijaber dan non hijaber bisa pake celana panjang https://t.co/hTswKykbRE","1939470709816004927","https://pbs.twimg.com/ext_tw_video_thumb/1939470661531168768/pu/img/KUG_Hoer7Hpx6eSj.jpg","","in","","0","1","0","https://x.com/undefined/status/1939470709816004927","91758662",
"1939348805625020604","Sun Jun 29 23:46:53 +0000 2025","0","@KotaNusantara Makin semangat liat gebrakan Presiden Prabowo yang terus gerak cepat sediakan rumah untuk keluarga Indonesia bareng PKP dan Mandiri","1939470659891110059","","KotaNusantara","in","","0","0","0","https://x.com/undefined/status/1939470659891110059","1681239911821901824",
"1939348773005877376","Sun Jun 29 23:44:07 +0000 2025","0","@KotaNusantara Berkat kepemimpinan Presiden Prabowo semangat punya rumah sendiri makin membara di kalangan muda","1939469961963122921","","KotaNusantara","in","","0","0","0","https://x.com/undefined/status/1939469961963122921","1815958840862728193",
"1939350476346290390","Sun Jun 29 23:44:06 +0000 2025","0","@KotaNusantara Presiden Prabowo tunjukin progres nyata menuju swasembada pangan dengan proyek irigasi keren","1939469958251253835","","KotaNusantara","in","","0","0","0","https://x.com/undefined/status/1939469958251253835","1684396250114977798",
"1939348773005877376","Sun Jun 29 23:43:40 +0000 2025","0","@KotaNusantara Presiden Prabowo hadirkan warna baru di sektor perumahan dengan semangat memajukan rakyat","1939469851938230355","","KotaNusantara","in","","0","0","0","https://x.com/undefined/status/1939469851938230355","1686261851334840320",
"1939306624260403398","Sun Jun 29 23:43:37 +0000 2025","0","@PresidenKopi @prabowo Sabar Bro... mungkin maksud Yang dibasmi itu adalah koruptor yang lari ke antartika... Kalau cuma di Dunia yo wesss... apalagi cuma di konoha ","1939469835483947511","","PresidenKopi","in","","0","0","0","https://x.com/undefined/status/1939469835483947511","1445010061026156547",
"1939346999469543713","Sun Jun 29 23:43:15 +0000 2025","0","@GenZNusantara Program MBG dari Presiden Prabowo jadi modal utama menuju generasi unggul Indonesia","1939469747009335326","","GenZNusantara","in","","0","0","0","https://x.com/undefined/status/1939469747009335326","1702551290029764608",
"1939347841195164004","Sun Jun 29 23:43:08 +0000 2025","0","@GenZNusantara Cek kesehatan jadi gaya hidup baru sejak ada program inspiratif Presiden Prabowo","1939469716789321793","","GenZNusantara","in","","0","0","0","https://x.com/undefined/status/1939469716789321793","1682230429691305985",
"1939348773005877376","Sun Jun 29 23:43:04 +0000 2025","0","@KotaNusantara Kolaborasi Kementerian PKP Bank Mandiri dan BP Tapera buktiin Presiden Prabowo serius bikin rumah impian rakyat","1939469697134776454","","KotaNusantara","in","","0","0","0","https://x.com/undefined/status/1939469697134776454","1681571556580012032",
"1939350476346290390","Sun Jun 29 23:43:01 +0000 2025","0","@KotaNusantara Salut sama program intensif irigasi dari Presiden Prabowo mendukung pertanian produktif setiap musim","1939469684551844177","","KotaNusantara","in","","0","0","0","https://x.com/undefined/status/1939469684551844177","1687355148841185280",
"1939347126913565153","Sun Jun 29 23:42:50 +0000 2025","0","@GenZNusantara Presiden Prabowo selalu dukung anak-anak bangsa MBG jamin kita semua punya masa depan cerah","1939469640071336393","","GenZNusantara","in","","0","0","0","https://x.com/undefined/status/1939469640071336393","1702591397927456768",
"1939350476346290390","Sun Jun 29 23:42:45 +0000 2025","0","@KotaNusantara Presiden Prabowo ga setengah-setengah jaga ketahanan pangan lewat fokus ke irigasi","1939469621331124267","","KotaNusantara","in","","0","0","0","https://x.com/undefined/status/1939469621331124267","1686262272988229632",
"1939348773005877376","Sun Jun 29 23:42:34 +0000 2025","0","@KotaNusantara Punya hunian sendiri makin realistis dengan support Presiden Prabowo di program subsidi rumah","1939469573767696755","","KotaNusantara","in","","0","0","0","https://x.com/undefined/status/1939469573767696755","1843136940176179201",
"1939348773005877376","Sun Jun 29 23:42:15 +0000 2025","0","@KotaNusantara Keren sih Presiden Prabowo terus dorong kerja sama biar makin banyak keluarga bisa punya rumah idaman","1939469495321678192","","KotaNusantara","in","","0","0","0","https://x.com/undefined/status/1939469495321678192","1849740708443533312",
"1939347841195164004","Sun Jun 29 23:42:13 +0000 2025","0","@GenZNusantara Program pemeriksaan gratis dari Presiden Prabowo angkat lebih banyak warga jaga kesehatan keluarganya","1939469486362697786","","GenZNusantara","in","","0","0","0","https://x.com/undefined/status/1939469486362697786","1815963912925503488",
"1939348773005877376","Sun Jun 29 23:42:06 +0000 2025","0","@KotaNusantara Presiden Prabowo inspirasi anak muda buat nggak takut punya mimpi rumah sendiri","1939469455001829565","","KotaNusantara","in","","0","0","0","https://x.com/undefined/status/1939469455001829565","1689483625883226112",
"1939348773005877376","Sun Jun 29 23:42:04 +0000 2025","0","@KotaNusantara Langkah strategis bareng PKP makin selaras sama harapan Presiden Prabowo menciptakan Indonesia adil","1939469445455610034","","KotaNusantara","in","","0","0","0","https://x.com/undefined/status/1939469445455610034","1681904977076424704",
"1939469394620617018","Sun Jun 29 23:41:51 +0000 2025","0","Sampaikan Pesan Prabowo Menteri PU: Yang Tak Bersih Disingkirkan! https://t.co/eGlBrvgUcm lewat @beritasatu","1939469394620617018","","","in","","0","0","0","https://x.com/undefined/status/1939469394620617018","161251950",
"1939247467998114025","Sun Jun 29 23:41:43 +0000 2025","2","@tvOneNews Presiden Prabowo sepertinya bermain di 2 kaki Pidato menggelegar berantas korupsi gak memberi efek jera bagi koruptor malah makin menjadi jadi. OMON2","1939469358134370635","","tvOneNews","in","","0","0","0","https://x.com/undefined/status/1939469358134370635","1688333175611912192",
"1939469326924533784","Sun Jun 29 23:41:35 +0000 2025","0","[SALAH] Prabowo Umumkan Hukuman Mati bagi Koruptor di DPR Pada Sabtu (14/06/2025) akun TikTok ardikucay8511 mengunggah video yang mengklaim Presiden Prabowo Subianto mengumumkan hukuman mati bagi koruptor saat sidang DPR. Hingga Senin (23/6/2025) unggahan tersebut telah https://t.co/fRc9cR5vIN","1939469326924533784","https://pbs.twimg.com/media/GuphCTYbwAADC6k.jpg","","in","","0","0","0","https://x.com/undefined/status/1939469326924533784","218742561",
"1939348773005877376","Sun Jun 29 23:41:17 +0000 2025","0","@KotaNusantara FGW positif liat dorongan Presiden Prabowo ke program rumah subsidi yang makin ramah di kantong","1939469248729874758","","KotaNusantara","in","","0","0","0","https://x.com/undefined/status/1939469248729874758","1686258413481992192",
"1939347126913565153","Sun Jun 29 23:41:15 +0000 2025","0","@GenZNusantara Semakin optimis sama masa depan bangsa berkat Program MBG dari Presiden Prabowo","1939469243546009752","","GenZNusantara","in","","0","0","0","https://x.com/undefined/status/1939469243546009752","1848930840304381952",
"1939348805625020604","Sun Jun 29 23:41:11 +0000 2025","0","@KotaNusantara Buat generasi muda yang masih cari rumah langkah Presiden Prabowo ini benar-benar motivasi terbesar","1939469223040110745","","KotaNusantara","in","","0","0","0","https://x.com/undefined/status/1939469223040110745","1915245524355325952",
"1939350476346290390","Sun Jun 29 23:40:44 +0000 2025","0","@KotaNusantara Panen makin sering dan berkualitas Presiden Prabowo benar-benar peka sama kebutuhan petani","1939469113207984221","","KotaNusantara","in","","0","0","0","https://x.com/undefined/status/1939469113207984221","1847121790465986560",
"1939347781434679700","Sun Jun 29 23:40:33 +0000 2025","0","@GenZNusantara Cek kesehatan gratis jadi langkah keren Presiden Prabowo wujudkan Indonesia yang lebih sehat","1939469067091611673","","GenZNusantara","in","","0","0","0","https://x.com/undefined/status/1939469067091611673","1691385283861004288",
"1939350476346290390","Sun Jun 29 23:40:18 +0000 2025","0","@KotaNusantara Beruntung ada Presiden Prabowo yang berani totalitas betulin irigasi biar makan ga susah lagi","1939469000783872011","","KotaNusantara","in","","0","0","0","https://x.com/undefined/status/1939469000783872011","1847127919635963904",
"1939346999469543713","Sun Jun 29 23:40:14 +0000 2025","0","@GenZNusantara Terima kasih Presiden Prabowo atas MBG yang super bermanfaat buat masa depan bangsa ini","1939468984413565205","","GenZNusantara","in","","0","0","0","https://x.com/undefined/status/1939468984413565205","1694936135301300225",
"1939346999469543713","Sun Jun 29 23:40:10 +0000 2025","0","@GenZNusantara Sosok Presiden Prabowo lewat MBG hadirkan optimisme baru soal masa depan bangsa yang lebih sehat","1939468969976709457","","GenZNusantara","in","","0","0","0","https://x.com/undefined/status/1939468969976709457","1694918497304981504",
"1939348773005877376","Sun Jun 29 23:40:05 +0000 2025","0","@KotaNusantara No more drama soal punya rumah berkat kebijakan Presiden Prabowo lewat PKP dan Mandiri","1939468950192169166","","KotaNusantara","in","","0","0","0","https://x.com/undefined/status/1939468950192169166","1689917531203817473",
"1939347126913565153","Sun Jun 29 23:40:05 +0000 2025","0","@GenZNusantara Presiden Prabowo bawa suasana baru MBG buat anak-anak makin semangat belajar","1939468947554017283","","GenZNusantara","in","","0","0","0","https://x.com/undefined/status/1939468947554017283","1694976654043713537",
"1939346999469543713","Sun Jun 29 23:39:56 +0000 2025","0","@GenZNusantara Program MBG inisiatif Presiden Prabowo jadi alasan kita optimis Indonesia makin kuat","1939468909805211865","","GenZNusantara","in","","0","0","0","https://x.com/undefined/status/1939468909805211865","1702533864470769664",
"1939347126913565153","Sun Jun 29 23:39:43 +0000 2025","0","@GenZNusantara MBG terbukti jadi solusi nyata lawan stunting dari Presiden Prabowo patut diapresiasi","1939468855493210213","","GenZNusantara","in","","0","0","0","https://x.com/undefined/status/1939468855493210213","1696069644816465920",
"1939350473422905663","Sun Jun 29 23:39:29 +0000 2025","0","@KotaNusantara Presiden Prabowo punya visi panjang buat pertanian Indonesia lewat sistem irigasi yang solid","1939468796986802559","","KotaNusantara","in","","0","0","0","https://x.com/undefined/status/1939468796986802559","1688762404019339264",
"1939468750409081191","Sun Jun 29 23:39:18 +0000 2025","0","Halahhhh...@prabowo ma LBP aja takut mknya @jokowi santai aja anaknya aman2 aja.","1939468750409081191","","","in","","0","0","0","https://x.com/undefined/status/1939468750409081191","1603746480707104768",
"1939347841195164004","Sun Jun 29 23:39:16 +0000 2025","0","@GenZNusantara Presiden Prabowo bikin pemeriksaan kesehatan bisa diakses dimanapun kapanpun dengan CKG","1939468743203004915","","GenZNusantara","in","","0","0","0","https://x.com/undefined/status/1939468743203004915","1681913062901829632",
"1939347841195164004","Sun Jun 29 23:39:10 +0000 2025","0","@GenZNusantara Presiden Prabowo jadi motivasi masyarakat rutin cek kesehatan hidup jadi lebih berkualitas","1939468715873202596","","GenZNusantara","in","","0","0","0","https://x.com/undefined/status/1939468715873202596","1688394664532234240",
"1939350476346290390","Sun Jun 29 23:38:53 +0000 2025","0","@KotaNusantara Hebat banget sih Presiden Prabowo makin niat wujudin swasembada pangan lewat perbaikan saluran irigasi","1939468648256765967","","KotaNusantara","in","","0","0","0","https://x.com/undefined/status/1939468648256765967","1687031741381529600",
"1939347841195164004","Sun Jun 29 23:38:45 +0000 2025","0","@GenZNusantara Warga makin aware sama pentingnya cek kesehatan rutin terima kasih Presiden Prabowo atas inspirasinya","1939468613528014896","","GenZNusantara","in","","0","0","0","https://x.com/undefined/status/1939468613528014896","1690988130755919872",
"1939348773005877376","Sun Jun 29 23:38:36 +0000 2025","0","@KotaNusantara Peran Presiden Prabowo sangat nyata solusi hunian makin gampang ditemuin","1939468576341230036","","KotaNusantara","in","","0","0","0","https://x.com/undefined/status/1939468576341230036","1914237974482718720",
"1939350476346290390","Sun Jun 29 23:38:29 +0000 2025","0","@KotaNusantara Upaya Presiden Prabowo membenahi irigasi jadi bukti keinginan beliau memajukan pangan kita","1939468544699441224","","KotaNusantara","in","","0","0","0","https://x.com/undefined/status/1939468544699441224","1684422030870069248",
"1939468538718339452","Sun Jun 29 23:38:27 +0000 2025","0","Pak @prabowo kalo diam aja ya repot ni. Ini serius pak kalo kapolri @ListyoSigitP gak bertindak ya ganti aja CC @DivHumas_Polri","1939468538718339452","","","in","","0","0","0","https://x.com/undefined/status/1939468538718339452","1638898647546073090",
"1939206148080685431","Sun Jun 29 23:38:26 +0000 2025","0","@Jelikson @Tita83079013 @prabowo @Puspen_TNI @DivHumas_Polri koq anggotanya hanya diam saja? Tampa memberikan pemahaman soal UUD 45 yg memberikan hak kebebasan beribadah?","1939468532565291041","","Jelikson","in","","0","0","0","https://x.com/undefined/status/1939468532565291041","1267107310603612160",
"1939350476346290390","Sun Jun 29 23:38:15 +0000 2025","0","@KotaNusantara Pembangunan irigasi di tangan Presiden Prabowo bikin masa depan pangan makin cerah","1939468485643608236","","KotaNusantara","in","","0","0","0","https://x.com/undefined/status/1939468485643608236","1840669693801299968",
"1939350473422905663","Sun Jun 29 23:38:13 +0000 2025","0","@KotaNusantara Langkah nyata Presiden Prabowo bikin akses air lebih gampang hasil panen makin stabil tiap musim","1939468478060384499","","KotaNusantara","in","","0","0","0","https://x.com/undefined/status/1939468478060384499","1688792552332480512",
"1939348805625020604","Sun Jun 29 23:38:05 +0000 2025","0","@KotaNusantara Punya rumah impian jadi serius diperjuangin sama Presiden Prabowo lewat program dan kolaborasi kece ini","1939468442912100573","","KotaNusantara","in","","0","0","0","https://x.com/undefined/status/1939468442912100573","1685903060596600832",
"1939350473422905663","Sun Jun 29 23:37:19 +0000 2025","0","@KotaNusantara Ngeliat project irigasi Presiden Prabowo sukses optimisme petani langsung nambah","1939468251421167666","","KotaNusantara","in","","0","0","0","https://x.com/undefined/status/1939468251421167666","1700856409058054144",
"1939347126913565153","Sun Jun 29 23:37:16 +0000 2025","0","@GenZNusantara Jangan lupa dukung setiap langkah Presiden Prabowo di MBG biar Indonesia makin maju","1939468240050377136","","GenZNusantara","in","","0","0","0","https://x.com/undefined/status/1939468240050377136","1686624896087150593",
"1939347781434679700","Sun Jun 29 23:37:11 +0000 2025","0","@GenZNusantara Presiden Prabowo nekat dobrak tantangan akses kesehatan lewat CKG yang menjangkau pelosok","1939468217401086076","","GenZNusantara","in","","0","0","0","https://x.com/undefined/status/1939468217401086076","1841744021649293312",
"1939347781434679700","Sun Jun 29 23:37:01 +0000 2025","0","@GenZNusantara Presiden Prabowo peduli sama yang sering sulit akses rumah sakit sekarang bisa cek kesehatan gratis","1939468176523469138","","GenZNusantara","in","","0","0","0","https://x.com/undefined/status/1939468176523469138","1688789612146421760",
"1939347781434679700","Sun Jun 29 23:36:56 +0000 2025","0","@GenZNusantara Optimis banget sama masa depan kesehatan di Indonesia bareng Presiden Prabowo","1939468156843733430","","GenZNusantara","in","","0","0","0","https://x.com/undefined/status/1939468156843733430","1843178383448121344",
"1939347841195164004","Sun Jun 29 23:36:54 +0000 2025","0","@GenZNusantara Cek kesehatan gratis dari Presiden Prabowo buktiin negara hadir untuk rakyat","1939468147196919818","","GenZNusantara","in","","0","0","0","https://x.com/undefined/status/1939468147196919818","1688473112881528832",
"1939347126913565153","Sun Jun 29 23:36:49 +0000 2025","0","@GenZNusantara Presiden Prabowo selalu mikirin langkah visioner salah satunya lewat MBG buat anak Indonesia","1939468126359314780","","GenZNusantara","in","","0","0","0","https://x.com/undefined/status/1939468126359314780","1694548487294320640",
"1939348773005877376","Sun Jun 29 23:36:34 +0000 2025","0","@KotaNusantara Rumah impian mulai bukan sekadar mimpi berkat gagasan Presiden Prabowo semuanya lebih realistis","1939468063327637582","","KotaNusantara","in","","0","0","0","https://x.com/undefined/status/1939468063327637582","1681139764467224577",
"1939091103002800180","Sun Jun 29 23:36:32 +0000 2025","0","@ferizandra Pak @prabowo @DPR_RI ... Ayo silahkan studi banding ke Burkina Faso...","1939468054951543222","","ferizandra","in","","0","0","0","https://x.com/undefined/status/1939468054951543222","1403503347827560449",
"1939350473422905663","Sun Jun 29 23:36:28 +0000 2025","0","@KotaNusantara Petani makin yakin dan produktif berkat perbaikan irigasi Presiden Prabowo","1939468038685991026","","KotaNusantara","in","","0","0","0","https://x.com/undefined/status/1939468038685991026","1925029391576571904",
"1939350476346290390","Sun Jun 29 23:36:13 +0000 2025","0","@KotaNusantara Kerja keras Presiden Prabowo kasih harapan baru buat pertanian Indonesia makin juara","1939467974555152711","","KotaNusantara","in","","0","0","0","https://x.com/undefined/status/1939467974555152711","1701149690795048960",
"1939348773005877376","Sun Jun 29 23:35:54 +0000 2025","0","@KotaNusantara Percaya banget sama langkah Presiden Prabowo masa depan punya rumah sendiri makin cerah","1939467895857389952","","KotaNusantara","in","","0","0","0","https://x.com/undefined/status/1939467895857389952","1815282749529591808",
"1939350473422905663","Sun Jun 29 23:35:51 +0000 2025","0","@KotaNusantara Setiap langkah maju pertanian selalu ada support besar dari Presiden Prabowo lewat irigasi","1939467883903680542","","KotaNusantara","in","","0","0","0","https://x.com/undefined/status/1939467883903680542","1684489764223987713",
"1939318464067596481","Sun Jun 29 23:35:38 +0000 2025","2","@BANGSAygSUJUD @prabowo @Alie_Fahnoor @are_inismyname @florieliciouss @Netameyca @Ndons_Back @kiwalipitu @Kimberley_PS08 @tonybulumanu @IrawanRommi @FDonghun Itu bukan hasil dr retret tapi memang karekternya da begitu asal omon² aja loo https://t.co/u8q9Ccfo5w","1939467827930656837","https://pbs.twimg.com/media/GupftgfWwAALPez.jpg","BANGSAygSUJUD","in","","0","2","1","https://x.com/undefined/status/1939467827930656837","2434644384",
"1939288435761782862","Sun Jun 29 23:35:34 +0000 2025","0","@BosPurwa @prabowo Menurut logika swasta malah lebih sulit diawasi.","1939467810109018533","","BosPurwa","in","","0","0","0","https://x.com/undefined/status/1939467810109018533","231214264",
"1938897293840916943","Sun Jun 29 23:35:29 +0000 2025","1","@AidaGreenbury Ni lagi aktor perusakan hutan kalimantan di Indonesia. Perlu diusut nih pak prabowo.","1939467789997416647","","AidaGreenbury","in","","0","0","0","https://x.com/undefined/status/1939467789997416647","1603720791614697474",
"1939467777590591716","Sun Jun 29 23:35:26 +0000 2025","0","Bertanya: Mengapa tiap beli pulsa ketika masa pakai habis &amp; pulsa msh byk tp pulsa hangus? Sangat merugikan hak kita sbg konsumen. Pdhl kita beli pulsa dgn uang sendiri artinya pulsa sdh milik kita. Tolong hak kami Pak/Bu @KEMENKOMINFO @YLKI_ID @KPK_RI @Gerindra @prabowo @myXL","1939467777590591716","","","in","","0","0","0","https://x.com/undefined/status/1939467777590591716","280943839",
"1939463632930414970","Sun Jun 29 23:35:20 +0000 2025","1","@RagilSemar @prabowo Emoh kirim atau sing dikirimi sing ngemohi? ","1939467754467463595","","RagilSemar","in","","0","1","0","https://x.com/undefined/status/1939467754467463595","1598876741245599745",
"1939350473422905663","Sun Jun 29 23:35:13 +0000 2025","0","@KotaNusantara Ketahanan pangan makin tangguh dengan langkah Presiden Prabowo fokus perbaiki saluran air pertanian","1939467725501559133","","KotaNusantara","in","","0","0","0","https://x.com/undefined/status/1939467725501559133","1700044774252912640",
"1939348773005877376","Sun Jun 29 23:34:54 +0000 2025","0","@KotaNusantara Makin percaya diri mau wujudkan rumah sendiri dukungan Presiden Prabowo ngasih energi positif banget","1939467645713371241","","KotaNusantara","in","","0","0","0","https://x.com/undefined/status/1939467645713371241","1689547670137012224",
"1939347781434679700","Sun Jun 29 23:34:52 +0000 2025","0","@GenZNusantara Program CKG bawa efek positif masyarakat jadi lebih aware kesehatan thank you Presiden Prabowo","1939467634799681645","","GenZNusantara","in","","0","0","0","https://x.com/undefined/status/1939467634799681645","1693474294771408896",
"1939317685189525548","Sun Jun 29 23:34:50 +0000 2025","0","@kompascom INI DIAAPERILAKU OMON OMON NDASSMU PRABOWO","1939467625073168548","","kompascom","in","","0","0","0","https://x.com/undefined/status/1939467625073168548","1898985857916588032",
"1939331620978467045","Sun Jun 29 23:34:46 +0000 2025","0","@kompascom Udah brp bulan ini cuma omon2 aja @prabowo @Gerindra @Dahnilanzar.","1939467608677658731","","kompascom","in","","0","0","0","https://x.com/undefined/status/1939467608677658731","99919786",
"1939270515493126291","Sun Jun 29 23:34:42 +0000 2025","1","@rahmatsn @bobbynasution_ si Bodat panik ya orang bawaannya diangkut KPK mau minta perlindungan ke solo bubur panas @prabowo sudah mulai dilahap ke bagian tengahnya ini","1939467592584102346","","rahmatsn","in","","0","0","0","https://x.com/undefined/status/1939467592584102346","189455584",
"1939347781434679700","Sun Jun 29 23:34:39 +0000 2025","0","@GenZNusantara Aku katanya rakyat kecil tapi program kesehatan gratis dari Presiden Prabowo bikin ngerasa dihargai","1939467582060581225","","GenZNusantara","in","","0","0","0","https://x.com/undefined/status/1939467582060581225","1681873447021051904",
"1939348805625020604","Sun Jun 29 23:34:38 +0000 2025","0","@KotaNusantara Jalan punya rumah sekarang makin mulus thanks to Presiden Prabowo yang terus inisiatif kolaborasi mantul","1939467575131513178","","KotaNusantara","in","","0","0","0","https://x.com/undefined/status/1939467575131513178","1681568803833155584",
"1939318464067596481","Sun Jun 29 23:34:31 +0000 2025","2","@BANGSAygSUJUD @prabowo @Alie_Fahnoor @are_inismyname @florieliciouss @Netameyca @Ndons_Back @kiwalipitu @Kimberley_PS08 @tonybulumanu @IrawanRommi @FDonghun Retreat menghasilkan pimpinan daerah yg bekerja untuk kemajuan daerah dan kemakmuran masyarakat.","1939467548325802219","","BANGSAygSUJUD","in","","0","1","0","https://x.com/undefined/status/1939467548325802219","1444206305057538052",
"1939347781434679700","Sun Jun 29 23:34:29 +0000 2025","0","@GenZNusantara Presiden Prabowo bawa solusi biar masyarakat nggak ketinggalan soal kesehatan keren abis","1939467539576451277","","GenZNusantara","in","","0","0","0","https://x.com/undefined/status/1939467539576451277","1692437716359954432",
"1939346999469543713","Sun Jun 29 23:34:10 +0000 2025","0","@GenZNusantara Presiden Prabowo dorong Indonesia keluar dari masalah gizi MBG jadi andalan baru bangsa","1939467459049975899","","GenZNusantara","in","","0","0","0","https://x.com/undefined/status/1939467459049975899","1702642467726921728",
"1939346999469543713","Sun Jun 29 23:34:05 +0000 2025","0","@GenZNusantara Sekarang makin yakin masa depan Indonesia cerah dengan solusi cerdas dari Presiden Prabowo lewat MBG","1939467438871195866","","GenZNusantara","in","","0","0","0","https://x.com/undefined/status/1939467438871195866","1696018908543909888",
"1939350473422905663","Sun Jun 29 23:33:59 +0000 2025","0","@KotaNusantara Presiden Prabowo bener-bener mikirin masa depan pertanian Indonesia irigasi dibenahi produktivitas jadi naik","1939467414938501376","","KotaNusantara","in","","0","0","0","https://x.com/undefined/status/1939467414938501376","1914243906818179072",
"1939348805625020604","Sun Jun 29 23:33:57 +0000 2025","0","@KotaNusantara Kejar impian punya rumah jadi makin relevan di era Presiden Prabowo beneran didukung dari segala sisi","1939467402728882632","","KotaNusantara","in","","0","0","0","https://x.com/undefined/status/1939467402728882632","1694190874631233537",
"1939347781434679700","Sun Jun 29 23:33:35 +0000 2025","0","@GenZNusantara Beragam manfaat positif hadir lewat program CKG dari Presiden Prabowo kesehatan makin inklusif","1939467311708315786","","GenZNusantara","in","","0","0","0","https://x.com/undefined/status/1939467311708315786","1843859732471422976",
"1939347841195164004","Sun Jun 29 23:33:23 +0000 2025","0","@GenZNusantara Presiden Prabowo serius berjuang supaya semua lapisan masyarakat sehat tanpa terkecuali","1939467263549272292","","GenZNusantara","in","","0","0","0","https://x.com/undefined/status/1939467263549272292","1682225943610560512",
"1939347781434679700","Sun Jun 29 23:32:48 +0000 2025","0","@GenZNusantara Presiden Prabowo berhasil tunjukkan bahwa akses kesehatan untuk semua bukan mimpi lagi","1939467115012194395","","GenZNusantara","in","","0","0","0","https://x.com/undefined/status/1939467115012194395","1691298861749526528",
"1939352189841101113","Sun Jun 29 23:32:32 +0000 2025","0","@lenlenjuin tambahin jg prabowo haraboji dan gibran oppa","1939467047634878633","","lenlenjuin","in","","0","0","0","https://x.com/undefined/status/1939467047634878633","1446414876574773254",
"1939466912918012022","Sun Jun 29 23:32:00 +0000 2025","2","Perang melawan koruptor. Preeeetttt....OMON2 @prabowo ","1939466912918012022","","","in","","0","1","1","https://x.com/undefined/status/1939466912918012022","485385284",
"1939350473422905663","Sun Jun 29 23:31:53 +0000 2025","0","@KotaNusantara Presiden Prabowo benar-benar peduli detail irigasi yang tua pun gak luput dari perhatian","1939466883411124445","","KotaNusantara","in","","0","0","0","https://x.com/undefined/status/1939466883411124445","1850436144288395265",
"1939350476346290390","Sun Jun 29 23:31:46 +0000 2025","0","@KotaNusantara Langkah Presiden Prabowo memperkuat irigasi sukses jaga hasil panen tetap stabil dan merata","1939466856685076656","","KotaNusantara","in","","0","0","0","https://x.com/undefined/status/1939466856685076656","1701037671811088384",
"1939264077848797685","Sun Jun 29 23:31:39 +0000 2025","3","@jawapos Berjasa sama kamu x wo @prabowo","1939466826699919836","","jawapos","in","","0","0","0","https://x.com/undefined/status/1939466826699919836","978627141381353473",
"1938592193922617629","Sun Jun 29 23:31:34 +0000 2025","0","@cinnamonw234 @prabowo @ListyoSigitP @DivHumas_Polri @bang_dasco @Gerindra mau ke mana negeri ini?","1939466805539725493","","cinnamonw234","in","","0","0","0","https://x.com/undefined/status/1939466805539725493","1697539042706128896",
"1939348805625020604","Sun Jun 29 23:31:22 +0000 2025","0","@KotaNusantara Momen kolaborasi PKP Mandiri BP Tapera jadi inspirasi yang dibawa Presiden Prabowo demi Indonesia tambah sejahtera","1939466754188869934","","KotaNusantara","in","","0","0","0","https://x.com/undefined/status/1939466754188869934","1851821851573653504",
"1939347781434679700","Sun Jun 29 23:31:14 +0000 2025","0","@GenZNusantara Cek kesehatan sebagai gaya hidup positif apalagi didukung penuh Presiden Prabowo","1939466721506783530","","GenZNusantara","in","","0","0","0","https://x.com/undefined/status/1939466721506783530","1688762716197109760",
"1939350473422905663","Sun Jun 29 23:31:12 +0000 2025","0","@KotaNusantara Visi Presiden Prabowo buat sejahterakan petani terbukti lewat perbaikan saluran irigasi","1939466712216469581","","KotaNusantara","in","","0","0","0","https://x.com/undefined/status/1939466712216469581","1843216185393082368",
"1939346999469543713","Sun Jun 29 23:31:07 +0000 2025","0","@GenZNusantara Salut buat kebijakan Presiden Prabowo yang bener-bener komit fokus ke generasi selanjutnya","1939466692088021265","","GenZNusantara","in","","0","0","0","https://x.com/undefined/status/1939466692088021265","1687014608186531840",
"1939158405408792844","Sun Jun 29 23:31:04 +0000 2025","0","@akuikibutoijo @permadiaktivis4 @DediMulyadi71 @Kemenag_RI @gibran_tweet @prabowo Soal toleransi negara ini memang memuakkan. Ga ada obatnya.","1939466681136644257","","akuikibutoijo","in","","0","0","0","https://x.com/undefined/status/1939466681136644257","239712409",
"1939245842403410372","Sun Jun 29 23:31:01 +0000 2025","34","@GibraltarNc Demi stabilitas nasional dan meningkatkan kinerja pemerintahan prabowo gibran sebaiknya mengundurkan diri dari jabatan wapres itu lebih baik dan terhormat.","1939466667299676472","","GibraltarNc","in","","0","0","0","https://x.com/undefined/status/1939466667299676472","1855209790873714688",
"1939309165505307077","Sun Jun 29 23:30:51 +0000 2025","0","@PresidenKopi @prabowo Hakim2nya kebanyakan membela koruptor dengan memberi hukuman ringan Ono rupo Ono rego. Jer basuki mawa beya","1939466623896973522","","PresidenKopi","in","","0","0","0","https://x.com/undefined/status/1939466623896973522","709721068856954880",
"1938844266459210207","Sun Jun 29 23:30:38 +0000 2025","0","@rebahan222 @bobby_risakotta @prabowo @gibran_tweet Kalau udah ada izinnya..mau di atap rumah lu juga yah lanjut.. https://t.co/HtGPm8ljK9","1939466571833041296","https://pbs.twimg.com/media/GupekBOWMAAbe-E.jpg","rebahan222","in","","0","0","0","https://x.com/undefined/status/1939466571833041296","2756285379",
"1939347841195164004","Sun Jun 29 23:30:34 +0000 2025","0","@GenZNusantara CKG hadir sebagai solusi proaktif ala Presiden Prabowo untuk hindari penyakit kronis yang terlambat terdeteksi","1939466554275742076","","GenZNusantara","in","","0","0","0","https://x.com/undefined/status/1939466554275742076","1681948940722376710",
"1939466515369373806","Sun Jun 29 23:30:25 +0000 2025","0","Pak @prabowo @DPR_RI ... Ayo silahkan studi banding ke Burkina Faso...","1939466515369373806","","","in","","0","0","0","https://x.com/undefined/status/1939466515369373806","1403503347827560449",
"1939107873520280046","Sun Jun 29 23:30:21 +0000 2025","0","@M45Broo_ Percaya dah.. PRABOWO UNDERSPEK.. maka lihatlah kelak hasil kerusakannya..","1939466499917566305","","M45Broo_","in","","0","0","0","https://x.com/undefined/status/1939466499917566305","1731678930669543424",
"1939070267101454768","Sun Jun 29 23:30:17 +0000 2025","0","@rieribet @alisyarief @KPK_RI @bobbynasution_ @jokowi Emang berani @KPK_RI periksa selama ini diam saja tidak ada prestasi yang di banggakan klaau sama kejaksaan yang sita triliunan uang kembali @KPK_RI pa @prabowo berikan kekuasaan lagi dengan kpk biar bertajuk agar koruptor dihukum di miskinkan kata @aniesbaswedan bareng hebat","1939466480892219745","","rieribet","in","","0","0","0","https://x.com/undefined/status/1939466480892219745","1775011921139564544",
"1939350476346290390","Sun Jun 29 23:30:13 +0000 2025","0","@KotaNusantara Seneng lihat Presiden Prabowo serius bener perbaiki jaringan irigasi demi ketahanan pangan Indonesia","1939466463741727178","","KotaNusantara","in","","0","0","0","https://x.com/undefined/status/1939466463741727178","1687007686834184192",
"1939348805625020604","Sun Jun 29 23:30:12 +0000 2025","0","@KotaNusantara Program rumah subsidi makin on fire dengan semangat positif dari Presiden Prabowo","1939466460369494153","","KotaNusantara","in","","0","0","0","https://x.com/undefined/status/1939466460369494153","1689846142044123136",
"1939246229512458257","Sun Jun 29 23:30:09 +0000 2025","1","@tempodotco @QaulanSyaqiila @prabowo saatnya pak bersih-bersih utk Indonesia Emas.","1939466446578630778","","tempodotco","in","","0","0","0","https://x.com/undefined/status/1939466446578630778","1118700786475626496",
"1939348773005877376","Sun Jun 29 23:29:53 +0000 2025","0","@KotaNusantara Arah pembangunan Presiden Prabowo selalu dukung mimpi anak muda punya rumah sendiri","1939466380094623834","","KotaNusantara","in","","0","0","0","https://x.com/undefined/status/1939466380094623834","1693850306097119232",
"1939347126913565153","Sun Jun 29 23:29:47 +0000 2025","0","@GenZNusantara Program MBG besutan Presiden Prabowo jadi harapan baru buat pendidikan dan kesehatan anak","1939466357097255195","","GenZNusantara","in","","0","0","0","https://x.com/undefined/status/1939466357097255195","1687312820348850176",
"1939347781434679700","Sun Jun 29 23:29:44 +0000 2025","0","@GenZNusantara Presiden Prabowo hadirkan layanan CKG masyarakat pinggiran juga jadi prioritas","1939466342803124475","","GenZNusantara","in","","0","0","0","https://x.com/undefined/status/1939466342803124475","1682233092902363136",
"1939350473422905663","Sun Jun 29 23:29:27 +0000 2025","0","@KotaNusantara Program irigasi modern dari Presiden Prabowo dorong hasil panen naik terus tiap musim","1939466270958891095","","KotaNusantara","in","","0","0","0","https://x.com/undefined/status/1939466270958891095","1687000678231842816",
"1939350476346290390","Sun Jun 29 23:29:23 +0000 2025","0","@KotaNusantara Optimisme tumbuh di kalangan petani berkat perbaikan saluran air dari Presiden Prabowo","1939466254932398338","","KotaNusantara","in","","0","0","0","https://x.com/undefined/status/1939466254932398338","1841391189062483968",
"1939346999469543713","Sun Jun 29 23:29:06 +0000 2025","0","@GenZNusantara MBG dari Presiden Prabowo ajak masyarakat ikut bergerak sama-sama membangun bangsa","1939466185860678031","","GenZNusantara","in","","0","0","0","https://x.com/undefined/status/1939466185860678031","1743591091302170624",
"1939350473422905663","Sun Jun 29 23:29:05 +0000 2025","0","@KotaNusantara Solusi irigasi ala Presiden Prabowo bikin semua wilayah bisa nikmati panen tiap musim","1939466181599215971","","KotaNusantara","in","","0","0","0","https://x.com/undefined/status/1939466181599215971","1687373128417341443",
"1939306624260403398","Sun Jun 29 23:28:49 +0000 2025","0","@PresidenKopi @prabowo Si OMON OMON nga bakal berani kartu As nya dipegang mertuanya si boby.","1939466111147524336","","PresidenKopi","in","","0","0","0","https://x.com/undefined/status/1939466111147524336","1665919956582793216",
"1939348773005877376","Sun Jun 29 23:28:48 +0000 2025","0","@KotaNusantara Energi positif Presiden Prabowo dorong semua pihak gaspol biar rakyat makin sejahtera","1939466107695567292","","KotaNusantara","in","","0","0","0","https://x.com/undefined/status/1939466107695567292","1693838759329214464",
"1939346999469543713","Sun Jun 29 23:28:33 +0000 2025","0","@GenZNusantara MBG yang diinisiasi Presiden Prabowo buktiin keberpihakan ke anak-anak dan ekonomi lokal sekaligus","1939466045888340090","","GenZNusantara","in","","0","0","0","https://x.com/undefined/status/1939466045888340090","1694974580535021568",
"1939347126913565153","Sun Jun 29 23:28:31 +0000 2025","0","@GenZNusantara Di tangan Presiden Prabowo kualitas SDM bener-bener diprioritaskan lewat program MBG","1939466039080993027","","GenZNusantara","in","","0","0","0","https://x.com/undefined/status/1939466039080993027","1696062333913792512",
"1939463632930414970","Sun Jun 29 23:28:28 +0000 2025","1","@Ahmad692x @prabowo Emoh","1939466026426728779","","Ahmad692x","in","","0","1","0","https://x.com/undefined/status/1939466026426728779","1334070788060631040",
"1939465985024815206","Sun Jun 29 23:28:19 +0000 2025","0","https://t.co/VNv2KkXk5N. Pemberantasan korupsi harus tegas tanpa pandang bulu sdg diuji di era pemerintahan prabowo. @prabowo @psi_id @PDI_Perjuangan @jhonsitorus_19 @KejaksaanRI @mohmahfudmd","1939465985024815206","","","in","","0","0","0","https://x.com/undefined/status/1939465985024815206","76036323",
"1939347841195164004","Sun Jun 29 23:28:17 +0000 2025","0","@GenZNusantara Presiden Prabowo hadirkan solusi tepat atasi keterbatasan layanan medis di pelosok","1939465979131732304","","GenZNusantara","in","","0","0","0","https://x.com/undefined/status/1939465979131732304","1691666923044601856",
"1939465892079046834","Sun Jun 29 23:27:56 +0000 2025","0","Sadari Dunia Penuh Konflik Begini Sikap Tegas Prabowo! https://t.co/7ZSQZkAyal","1939465892079046834","","","in","","0","0","0","https://x.com/undefined/status/1939465892079046834","847372542830444544",
"1939305296507343072","Sun Jun 29 23:27:25 +0000 2025","0","@benings_tj2 Pasti kena Suap!!!!!!! masak deñda Rp5000 - menghina negara 🇮🇩 ini namanya bagaimana KangMas Presiden asli 🇮🇩 @prabowo Tangkap hakimnya biar satu Sel dengan terdakwa.","1939465761363513471","","benings_tj2","in","","0","0","0","https://x.com/undefined/status/1939465761363513471","709721068856954880",
"1939346999469543713","Sun Jun 29 23:27:11 +0000 2025","0","@GenZNusantara Salut buat Presiden Prabowo yang ngasih solusi nyata atasi stunting lewat Program MBG","1939465703465312738","","GenZNusantara","in","","0","0","0","https://x.com/undefined/status/1939465703465312738","1702179285904265217",
"1939347841195164004","Sun Jun 29 23:26:53 +0000 2025","0","@GenZNusantara Presiden Prabowo hadir tepat waktu dengan solusi nyata di bidang kesehatan CKG jadi jawaban banyak masalah","1939465626713833530","","GenZNusantara","in","","0","0","0","https://x.com/undefined/status/1939465626713833530","1691709429924900864",
"1939347841195164004","Sun Jun 29 23:26:22 +0000 2025","0","@GenZNusantara Harapannya makin banyak daerah tersentuh program CKG yang diusung sama Presiden Prabowo","1939465496375746678","","GenZNusantara","in","","0","0","0","https://x.com/undefined/status/1939465496375746678","1691299517797462016",
"1939348805625020604","Sun Jun 29 23:26:20 +0000 2025","0","@KotaNusantara Salut sama Presiden Prabowo semangat gotong royongnya terasa nyata di sektor perumahan","1939465489727816033","","KotaNusantara","in","","0","0","0","https://x.com/undefined/status/1939465489727816033","1488115427897376775",
"1939348773005877376","Sun Jun 29 23:26:03 +0000 2025","0","@KotaNusantara Kerjasama bareng PKP dan Bank Mandiri makin solid atas semangat dan dukungan Presiden Prabowo","1939465417606697218","","KotaNusantara","in","","0","0","0","https://x.com/undefined/status/1939465417606697218","1698968585450995712",
"1939348773005877376","Sun Jun 29 23:26:02 +0000 2025","0","@KotaNusantara Program perumahan Presiden Prabowo selalu kasih energi dan harapan baru buat kehidupan lebih baik","1939465411713769890","","KotaNusantara","in","","0","0","0","https://x.com/undefined/status/1939465411713769890","1914583899365367808",
"1939257673557680441","Sun Jun 29 23:26:00 +0000 2025","0","@indonesiaku_yes @prabowo @gibran_tweet Itu polisi sama babinsanya kok malah nonton? @DivHumas_Polri @Puspen_TNI bagaimana ini?","1939465405816574119","","indonesiaku_yes","in","","0","0","0","https://x.com/undefined/status/1939465405816574119","161251950",
"1939347841195164004","Sun Jun 29 23:25:56 +0000 2025","0","@GenZNusantara CKG dari Presiden Prabowo memastikan semua warga bisa menikmati hak kesehatan tanpa batas","1939465388091400447","","GenZNusantara","in","","0","0","0","https://x.com/undefined/status/1939465388091400447","1688454032195801088",
"1939278660953055563","Sun Jun 29 23:25:10 +0000 2025","0","@aRi4_07 @geloraco @Pasukanrongsok Jangan lupa Tito dan anehnya justru dititipkan ke kabinet @prabowo untuk menjadi menteri lagi pantas saja disebut menteri² residivis","1939465195077898610","","aRi4_07","in","","0","0","0","https://x.com/undefined/status/1939465195077898610","2348139475",
"1939348773005877376","Sun Jun 29 23:24:24 +0000 2025","0","@KotaNusantara Semangat berkolaborasi ala Presiden Prabowo bikin semua pihak satu tujuan wujudkan rumah layak","1939465000772567346","","KotaNusantara","in","","0","0","0","https://x.com/undefined/status/1939465000772567346","1862038338347343872",
"1939350476346290390","Sun Jun 29 23:24:20 +0000 2025","0","@KotaNusantara Presiden Prabowo sadar banget pentingnya saluran irigasi supaya tiap lahan panen maksimal","1939464984913948761","","KotaNusantara","in","","0","0","0","https://x.com/undefined/status/1939464984913948761","1686221478042415104",
"1939347126913565153","Sun Jun 29 23:24:20 +0000 2025","0","@GenZNusantara Berkat MBG dari Presiden Prabowo kualitas hidup anak Indonesia makin meningkat tiap harinya","1939464983127196006","","GenZNusantara","in","","0","0","0","https://x.com/undefined/status/1939464983127196006","1702616032417062912",
"1939025335821181423","Sun Jun 29 23:24:19 +0000 2025","0","@ZulkifliLubis69 @jokowi @officialMKRI @gibran_tweet Pantas pak Prabowo selalu mewakilkan sama @AgusYudhoyono / yg lain. Tidak pernah menyuruh @gibran_tweet untuk mewakilinya baik tugas kenegaraan maupun peresmian2. Ingin menghapus jejaknya.( Lagu Ariel noah')","1939464981466218805","","ZulkifliLubis69","in","","0","0","0","https://x.com/undefined/status/1939464981466218805","3703930938",
"1939350473422905663","Sun Jun 29 23:24:17 +0000 2025","0","@KotaNusantara Presiden Prabowo hadir dengan solusi nyata biar petani tetap produktif sepanjang tahun","1939464971072741795","","KotaNusantara","in","","0","0","0","https://x.com/undefined/status/1939464971072741795","1701467909468651520",
"1939464959643250929","Sun Jun 29 23:24:14 +0000 2025","0","Dlm forum keuangan berkelanjutan dunia tersebut BTN merupakan perbankan yang tidak hanya membawa misi penting untuk pemenuhan kebutuhan rmh yg terjangkau sesuai dg program Perumahan Nasional Presiden Prabowo Subianto tapi juga tetap memberikan imbal hasil yang berkelanjutan.","1939464959643250929","","","in","","0","0","0","https://x.com/undefined/status/1939464959643250929","1435526014730326018",
